model,year,init_month,yield [kg/ha],yield anomaly [%],tmeanrain_santa fe san justo_10,rainsquared_santa fe san justo_11,rainsquared_santa fe las colonias_11,tmeanrain_santa fe san justo_11,tmeanrain_buenos aires hipolito yrigoyen_11,tmeanrain_buenos aires coronel suarez_11,rainsquared_buenos aires hipolito yrigoyen_9,tmeansquared_buenos aires coronel suarez_11
ERA,1993,12,2037.439151033997,-0.0461708621216909,-2.8451674688844197,0.0459251689712216,0.0516092138446251,-1.042311482665477,-2.8348407951549595,-1.3371376266750703,-0.5040017024172249,0.2863233665927133
ERA,1994,12,2185.741997507356,0.018137739947107,-1.192060104718745,-0.6723565520347724,-0.4888639216704344,0.3551989279484473,-0.9458700836192482,-1.0337286722117094,-0.5151841819496545,-0.0928454484311239
ERA,1995,12,1946.759707253285,-0.1022646938567331,0.2046023600664648,-0.8062542014293715,-0.826272823777949,-0.0198498228072103,0.6263546561325857,0.4066374925215741,-0.2192486650489319,-0.4976641237580463
ERA,1996,12,2260.47032027338,0.0409677436828619,0.0020812526940399,-0.6776120869010134,-0.770822343631088,0.3151376764979559,0.095711093300012,0.4365347658313229,-0.2548149533584984,-0.4167712122692081
ERA,1997,12,2623.2529203255017,0.1759128118634677,0.0658235565137465,-0.8257502669790966,-0.7473243220395994,0.1457132378604389,-0.9825639014493552,0.9792430434630672,-0.4409148741206526,0.0650182640349803
ERA,1998,12,2304.962651203633,-0.0069315508171687,-0.1869524525995096,-0.7058308218968627,-0.8081083336459347,0.1948258212627556,0.2428926759862315,0.0521203007381482,-0.5361534570880869,-0.5469327354233317
ERA,1999,12,2505.6008274599226,0.0603710133986302,0.598296233990747,0.948131377859732,0.6602739057480023,-0.2100931871248975,0.6192911732671305,0.0098620388221384,0.9231740065533972,-0.5330269053589572
ERA,2000,12,2551.682570811968,0.0453192686395238,-0.0698690826065604,-0.8431155632784674,-0.7947767746859753,0.0541988756273266,0.4223052652474325,0.5855720085617787,-0.5292592793592488,0.3169865399288442
ERA,2001,12,2275.107945586972,-0.0832118001855024,-0.4466574438188995,0.2250777953510069,2.6315661560599106,-0.7359811829783934,-0.5033276077797392,-0.2388646632683107,0.0888929796124224,0.0709074938674597
ERA,2002,12,2098.312168451822,-0.1599897413045245,0.8836079055713022,1.0696219183938778,2.1728330786354686,0.0855082616394324,-1.269510133090238,-0.9670474969245504,-0.6408790443192578,-0.4318600294867696
ERA,2003,12,2687.6983520115846,0.0867211661741361,-0.3097749453826457,-0.7405989191932643,-0.1589698696747454,0.089864733860377,-1.3848076954400033,0.0276063964828893,0.0571284311943044,-0.5421503383899742
ERA,2004,12,2768.3673897008125,0.0933536252225563,0.0498754890435851,-0.6363517393234033,-0.8597200397289577,0.3024215359597663,0.5983515905500484,0.0407885039530473,-0.2857390823426177,0.098379161710137
ERA,2005,12,2652.504506303661,0.0295492665437282,1.047362348962648,-0.588281810550475,-0.4406104366482989,-0.0102659365335589,0.064614915086786,0.3467747410690954,-0.5823330100573393,-0.094888722576201
ERA,2006,12,2802.152801978974,0.0575983895925021,0.8367470255690502,-0.6417223006190027,-0.8594831674690325,0.1591288386094388,0.857194312762057,-0.2981116978529414,-0.2816089155925115,-0.5280180888460577
ERA,2007,12,2964.9821230781013,0.0901024788182954,-0.054436105237017,0.7313801251313469,1.254099478739963,0.8405803482333792,2.6712759418722447,1.1621159970894412,0.7358328556136267,1.1777806831276132
ERA,2008,12,2024.453890851962,-0.2906591931618024,-0.0428161618401154,1.0270967987385458,0.8570853490859923,-4.589045924698889,-1.5952067969329011,-4.421605882125919,-0.6415970205877183,10.62584620529562
ERA,2009,12,2970.2970292832338,0.0808897038617558,-0.8519987905415094,3.2607859946921867,-0.0562494168827449,3.988807085357125,0.1891596561759777,-0.00642786250972,1.6805210396152932,-0.513867802931887
ERA,2010,12,3933.646838880765,0.395993458774148,2.036837565443592,-0.2879602241002881,-0.0253162315809079,0.5616749326998817,0.4439216637736883,0.2676650677514036,7.542780198379432,-0.4493807211889064
ERA,2011,12,3647.926665981048,0.1954531458213887,0.4995086666391728,-0.6278359382434631,-0.429127505007095,-0.2480403395449651,1.2854130196710745,2.817331230508408,0.2016136427713641,0.3809022289770587
ERA,2012,12,2958.105831211545,-0.0776281120723763,0.560588938611858,-0.0330441066632682,-0.4121371973262582,-0.5967676391776188,0.6394904299752752,0.7324925865930428,-0.3925187017445242,-0.1701648347119289
ERA,2013,12,2707.197486937163,-0.1611192435848817,-3.0487548960056072,3.011022345336598,2.663915657668749,0.2682134753143405,0.5630201800240319,-0.404934382713609,-0.5336313087167431,-0.3185645832213992
ERA,2014,12,2892.8454356606403,-0.0935090762133243,1.4845135388071422,0.2386532223689546,-0.1179042937504038,-0.240866129368765,-0.3053846037979881,0.0552250789727474,-0.500335100763234,-0.5443936859434162
ERA,2015,12,3101.367971827829,-0.0324093531892292,0.0703340950794747,-0.8349106157655749,-0.8569659442905211,0.0329352957545458,0.5113800731335424,0.0068205875864286,-0.3569490759502374,-0.5456085966336224
ERA,2016,12,3477.431893841902,0.0660093515389699,0.0732219174662973,-0.6387136333085306,-0.8369570983569112,-0.0709007836176187,-0.197097731203846,-0.0263934967477967,-0.4375762119376423,-0.5369251096799367
